provincia,cantidad,promedio_matematica,promedio_lengua,promedio_nse,proporcion_ambito_rural,proporcion_sector_estatal
MZA,4,454.024015,489.1009975,0.2898807456,0.0,1.0
PBA,7,426.5643442857143,485.37901142857146,0.10413792257142858,0.0,1.0
JJY,4,552.3499575000001,580.8318125000001,1.02289535,0.0,0.0
TUC,5,495.81574600000005,514.8510560000001,-0.167289682,0.0,1.0
